filename,R,G,B,BC_PRED
RCV1.2.4_P1_blank_r.jpg,243.4571517606731,248.3356185727641,246.67871611093798,0
RCV1.2.4_P1_6h_r.jpg,248.93324137931035,224.82537931034483,168.0176551724138,to_be_calculated
RCV1.2.4_P1_12h_r.jpg,243.2087877843565,245.87503895294483,244.3181676534746,to_be_calculated
RCV1.2.4_P1_24h_r.jpg,215.25903448275864,212.56303448275864,198.46703448275863,to_be_calculated
RCV1.2.4_P1_36h_r.jpg,227.73574322218758,226.15144904954815,214.286382050483,to_be_calculated
RCV1.2.4_P1_48h_r.jpg,203.68386206896554,199.4104827586207,179.1633103448276,to_be_calculated
RCV1.2.4_P1_60h_r.jpg,166.56579310344827,162.70041379310345,138.7655172413793,to_be_calculated
RCV1.2.4_P1_72h_r.jpg,221.80756820181873,219.9199178644764,206.1188031680845,to_be_calculated
